{"cameraMode":{"drawMode":0,"name":"Shaded","section":"Shading Mode"},"sceneLighting":true,"audioPlay":false,"sceneViewState":{"m_AlwaysRefresh":false,"showFog":true,"showSkybox":true,"showFlares":true,"showImageEffects":true,"showParticleSystems":true,"showVisualEffectGraphs":true,"m_FxEnabled":true},"in2DMode":false,"pivot":{"x":0.39430728554725649,"y":3.6032679080963136,"z":-2.8447558879852297},"rotation":{"x":-0.2597160339355469,"y":0.02230069413781166,"z":-0.005994067993015051,"w":-0.9653714895248413},"size":1.2247449159622193,"orthographic":false}